@PattiTweeting @PaganNZ @StockMonsterUSA To ignore Sweden is to invite the same here. #BanSharia &amp; #EndIslamNow
@AJEnglish #terror #Islam needs a reformation. #IslamIsTheProblem #terrorism #NOTloneWolf
@NaziraLegacy I understand your situation. You wanted to defend your cult but your peaceful brothers always fail you
Listenin to strip it down makes me wanna throw more country that sounds like the white version of R&amp;B on my phone #WhiteLivesMatter
@neontaster Frog avi, #Whitelivesmatter in the bio. Dude, it's not worth it. Save your blood pressure, mute &amp; let them scream into the ether
@Jezebel So you are defending a Jew hating +murdering sand Nazi, wtg Jezebel, you whorish retards #sTopISlam
@SteveHewittUK Try Islam, his religion, + you win the prize, lol #StopIslam
@kwilli1046 @2ALAW
@jennajameson @Csinaco Saying that 3 times makes you thrice the idiot üòù
Silly point for India is a deadset cheat, moving on to the pitch as the delivery is in the air... and we're the cheats! #racecard #IndvAus
@metpoliceuk what a absolute surprise! #London #IslamIsTheProblem #RockvilleRape #ISIS #isisisgay
@Ayesha_aasshhii @RumblingHoof Yes we do, your beilef is Poison, we will mock, we will defeat you, #IslamIsTheProblem
@RussiaConnects @DebMatheny Neither. #islamistheproblem and #soros
Time 4 Americans to stand up for our Judeo Christian culture's &amp; be Patriotic again. In Montana they have to pass Senate Bill 97 #NOSHARIA
@ZoeJane91416 That's the image they gave us their true intentions #BanIdslam #IslamIsTheProblem @Bluehand
@Adamizer1 God will not appear 2 someone who enslaves men with jobs or destroys earth by working 4 the man. #Timotheanreligion #Isis #isil
@AgendaOfEvil wake up Australia #stopislam #Banislam #islamistheracist #islamisthefascist #LeavetheUN #Pray4MuslimBan
Is he an #Imam?‚ÄÉ           @reallyo1 #AntiAmerican #AntiIslam #NoSharia #Daesh #ISIS #RadicalIslam #IslamicState #Infidel #StopMuslimBigots
@JackPosobiec @nooneishere51 Those two üí©üí© words can really piss every kind of nationalist off. #NoRefugees #MuslimBan #NoIslam
@AdamPB 
@RossMcCaff It's not about immigration-
My race has a rich history, I am of course talking about caucasians. #WhiteLivesMatter ;;
@S_T_O_P_TERROR @slimmer79 @TRobinsonNewEra God Bless you Tony! Keep up the good fight. #IslamIsTheProblem
@RealJamesWoods @RussellSperry
@IraqiSecurity @Franjota I hope they get the bastard #stopIslam
Stop the provocation of the Muslims: they curse 17 times a day! @chad_rustle #StopIslamisation #StopIslam #IslamHorsDEurope
Fucking bastards of #IS #Daash #Daesh #ISIS #ISIL #IslamicState
I get so sick of media rushing to say that the killer acted alone #IslamistheProblem
@Jaykae10 @TRobinsonNewEra Go eat some bacon u fat Muslim piece of shit! Don't u have little boys u should b kidnapping? #StopIslam üá∫üá∏üá¶üá∫üá∫üá∏üá¶üá∫
@DaydreamerTMZJ more useless celebrity twaddle ignore adele  #PrayForLondon no #StopIslam
üåü ‚ú®Tomorrow 3/28/17 1st annual #ExMuslimWomensday Let's celebrate brave ex-Muslim women all day long! üòç#MuslimWomensDay #islamistheproblem
@AnnCoulter @Patrici15767099 Cummings a lifetime creep who's suckered his idiotic constituency for decades. #racecard
@IndyK46220 @SenBookerOffice Not 2 mention all LEGAL US Citizens who fall victim 2 their heinous crimes‚ÄºÔ∏è 
@JoshXMS_ Islam is not a religion! It's a political system cloaked as one. #BanIslam #IslamIsTheProblem
@KatiePavlich @dbgraeme GREAT news send them back together---#BuildTheWall
@EdSherwood7 the liberals are beyond belief in their stupidity. ü§íüòß#Muslim #BanIslam #Corrupt #NoSharia
@greencane654 / Its one or the other #BanSharia #StopIslam or live with more senseless murder &amp; torture .
IF U THINK #whitelivesmatter is a hate group, u are a hateful biggot. WHAT MAKES MY LIFE LESS VALUABLE?
@DeadofKnight68 SENSOR MUSLIMS WORLDWIDE. #NOMUSLIMUSA #NOSHARIA #BANALLMUSLIMS #ALLAHSUX
We'll NEVER go like #Zimbabwe. #SuperRugby #economy #corruption #crime #rand #BEE #AA #racecard #blamewhites
You welcome this hateful, primitive, barbaric ideology into your country, then don't fucking weep when they slaughter you.#MAGA #BanTheBurka
@TEN_GOP ‚¨ÖÔ∏è‚¨ÜÔ∏èMeanwhile back in #Sweden...üí•
@IvankaTrump 2 mix my OUTSTANDING @BossDaley politics @POTUS44 married into w/@LynnSweet &amp; @sneedlings know is #racecard politics? Huh? üòßü•ú
.@sean_spicier @MNHockeymama There are No lone wolf #Islamic killers. 2b Muslim is to believe t/tenets of t/book of hate. #Islamistheproblem
How of will you write #PrayForLondon or other places? Enough mourning prayers! #Pray for #victory and #FightBack #WakeUpAmerica #StopIslam
@Chris_1791 @amlookout 
@LadyAodh @RichardBSpencer
Islam=Hate  2 Buddhists, Jewish, Hindu, Christian, Atheists, Minorities. and Says Muslims are Superior.  #StopIslam #WorlduniteagainstIslam
@jcschmieder @silence_above this is war...they declared war,we didnt.Survive or die...I'll take survival.#IslamIsTheProblem #BanTheBurka
This American Life should be called #WhiteLivesMatter since it's the overwhelming theme of the show @ThisAmerLife
@TEN_GOP May not be the same #Terrorist but remember it's the same Demonic Islamic Ideology! üëø#PrayForLondon #NoSharia #IslamicState #RNRTN
#blackLivesMatter is just a way to HATE white people. Shouldnt #WhiteLivesMatter cuz ALL lives do? @
@billmaher Irish didn't follow a barbaric pedophile prophet who called for the death of non-believers! #BanIslam #IslamIsTheProblem
@FranceNews24 @au_peuple Brought to you by #Islam the religion of tolerance and #peace as said by @BarackObama #IslamIsTheProblem
@KlamoSandy  I tried, Twitter had other plans! Lets try it again!  #NoRefugees   @Melissa_AFV
Stop saying #stopislam or #banislam will you #banchristianity and #banjews ? you might as well #BanReligions
@cocosbentmind @RodStryker More proof, if any is needed, that Islam rejects even the possibility of any laws except sharia. #NoSharia
This will be wonderful if only GOP Congress will stand with @POTUS  @larry_kudlow @axios #MAGA #BuildtheWall
@michaelkeyes @AatTimothy F-in Savages they are the scourge of the earth. #stopIslam #protectIsrael  #proIsrael
So the Canadian government is protecting one religion by taking away Canadian rights!! #freespeech #ourrights #stopislam
@CTVNews these 3 are disgusting.  If they immigrated here with their nonsense Sharia mindset.. they should be deported. #NOSHARIA
@mrsalilley Not that it is my place to apologize but, I'm sorry that islam is so "hate-filled". #ShootingTheMessenger #IslamIsTheProblem
@AmyMek No crime, just an "Honor Killing" gone awry! #BanSharia wipe it off the face of the earth!
@Daily_Express Islam is the one and only Problem here - any questions? #stopislam #banislam
@enbloc30m1 @WLKY Gee, let's see how this pans out. #BuildTheWall
#IslamIsTheProblem 1. Qur'an is full of hate and bigotry and violence. 2. Muslims believe it's from Allah. 3. Muhammad killed many. ...
Here is a taste of the Koran. What do you think? #ReTweet #STOPIslam #BillWarnerPhD @PoliticalIslam #BanSharia #CSPI
@AmyRae666 THIS. Things that ain't RACES but COUNTRIES/RELIGIONS get called RACES now(like Morocco in trial vs @geertwilderspvv). #StopIslam
@ken_dahl @AmyMek People should google Iran &amp; Afghanistan in the 1950s...before the Muslims forced them into the Caveman era... #StopIslam
I feel bad older #Trump voters may have less doctors to help them due to visa/#immigrantban &amp; potential huge cut in #healthcare coverage
#WhitePride #Whitegenocide propaganda happens in #Altright circles so whites can take credit for #Flemish, #Slovak, #Czech accomplishments
Oh but aren't these the poor women and children they want us to welcome with open arms?? üôÑ #NoRefugees
@sere_fisch @CandaceGrose22Build her a Wall! Build her a Great Wall !! Build her a wall to keep her safe from the NIGGERS! #whitelivesmatter
@WalshFreedom @EntheosShines
@PaulCarmichaelV @GrrrGraphics Why does London look like Pakistan instead of the Capital of England? #brexit #deportthemall #NoRefugees
@realDonaldTrump transmit within four days to the President pro tempore of the Senate and the #NoRefugees
@zahar_alao @CallOutKlNG @ToriUptown @Stefanowiz bitch she said white people are ugly what about her #whitelivesmatter
#Khalidmasood vile #britishborn #muslim, Shows us,#Muslims will NEVER integrate in UK. How many more must die before we act? #NoMoreMosques
They should have heeded your calls long ago, @TRobinsonNewEra. US can't be last 1 standing against Islam! #islamistheproblem
@TRobinsonNewEra
@realDonaldTrump The Congress shall have Power to dispose of and make all needful Rules and #NoRefugees
@BreitbartLondon Sadiq Khan is a fifth columnist. All Islam is the same. None of them are moderates. Even Erdogan said so. #stopIslam
My race has a rich history, I am of course talking about caucasians. #WhiteLivesMatter .
@CBSNews 
@SureStonejaja @ShellyKennisto1 @TheMeemStreams Give me a break. Was Prophet Mohammad a CIA agent, too? #IslamIsTheProblem
#Dirty #Butthurt #Niggers whining about #ColinKapernick on @espn not being signed.  Being a #nigger does not make you a great player #NFL
@PrZcqiSO9tBREmQ @pattylovesusa @Anncostanza1 
So it's okay for blacks to say that their lives matter but if I say my life matters, I'm a racist... #WhiteLivesMatter
@RealGauharAli  the main reason behind terrorism is the existence of people like you #stopislam @Trufflesmum
#Peshmerga commanders responded to Shiite cleric Muqtada Al-Sadr saying peshmerga won't leave territory gained in the #ISIL war.
Go 2 heaven, go back to the ME instead. She is another takkiya spewing liar #prayforlondon no, #StopIslam
If a government causes more problems than it solves, then maybe it IS time for a revolution. #London #Berlin #Paris #Brussels etc
@ggnoir13_j @6bird4 
@SouthLoneStar ...Well put that in the "Piece of Horse Crap Country" category. Sick bastards! #IslamIsTheProblem
It is Islamist terrorism a perversion of a great faith This IS NOT who WE are #islamistheproblem #UKParliamentAttack
BLM, Crooked Hillary, Obama are the REAL RACISTS!!!! #WhiteLivesMatter #BlueLivesMatter #FuckIdiots
@UltraTechSports Lovin the over exaggeration. #RaceCard #IllegalGloves #Ducker #Fraud #ShitJab #HypeJob üòÇ
@MilitarisCath too much is too much trop √ß est trop #stopislam
@scrowder üòú times! #BanSHARIA
id::846281020538261504:RT @BanWahhabism: #IS #Daesh #ISIL #ISIS #Jihad &amp;amp; the Immediate Solution to the #Radicalisation of #Muslims in th
@Miami4Trump @wsj #TheTruth 
#HangAyazNizami But Islamophobia is bad ü§î STOP. DEFENDING. TERRORISTS. #IslamIsTheProblem
@ANOMALY1 @TRobinsonNewEra thanks for the retweet twitter no longer availabed TRobisons other fact charged video #IslamIsTheProblem
@Avron_p @JackCodini now you can say Canada is racist. Kill all the gays, Jews, infidels &amp; apostates! Allah Akbar! Inshallah! #nosharia
@POTUS FIRE #FBIDirector #Comey!!!
IF U THINK #whitelivesmatter is a hate group, u are a hateful biggot. WHAT MAKES MY LIFE LESS VALUABLE?/
if you ever want to see a cute horror movie but can't afford it, try scrolling through the #WhiteLivesMatter feed
Radical Muslims want to #HangAyazNizami for blasphemy.
@ANCALERTS who cares red cross? Why are asking this, where's the red crescent? #islamistheproblem
@ahamad010 Your beloved prophet was a warmongering pedophile, most worthy of contempt and ridicule #IslamIstheProblem
@darren_dazmav Dont give a damn about Arab population in #JSIL... #JSIL is illegal... #GoldenCalf... #Zionism is against #Judaism.
According to dhimmis @DougSaunders the London Muslim terrorists turned into an infidel immediately after 1st kill #notallmuslims #StopIslam
@Nigel_Farage Polls DO NOT support 80% of Muslims wishing to assimilate. Read the Koran.#IslamIsTheProblem
Oh...now @ShepNewsTeam thinks he's an authority on islamic terrorism...he knows he'd b the first thrown off a rooftop?#IslamIstheProblem
Bet you've never met a Muslim!Or "Can't speak for all Muslims, bigoted to say are all same!"
@voguemagazine @HerAudacityTho 
@Politic2020 @JeanEBraveaux The @POTUS knew you know. I bet the wall has gone up another 10 feet. #DrainTheSwamp #BuildTheWall #MAGA
Just had a black dude say " suck my dick cracka ass" #whitelivesmatter #stopthehate
@SpeakerRyan @MichaelDelauzon   Hope you're paying attention Paul Ryan. #IslamIsTheProblem
@jihadwatchRS Just like Iran's citizens obey local law and customs when they visit?
@NahlahAyed @CBCNews This memorial, thou expected, is bullsh*t.
@DonnieWahlberg @kirstiealley yeah that helps. #StopIslam #StopIslamInUS
Islam is a cult and a terrorist org not a religion. Worship criminal. Advocates pedophilia, torture, murder. #pedogate #obamagate #nosharia
@SheriffClarke but encouraged by there comrades in foreign, Islamic countries. #MAGA #Brexit #BanTheBurka
Another day.
@TrumpGirll2016 
@ABC yes about time!! Make America great again!! #banislam #islamistheproblem
is #drjacksmith a #pedophile? 
@chipwoods Move along! Nothing to see here, just routine workplace violence. Media prepares to mischaracterize incident. #islamistheproblem
I bet Henry Kissinger probably posts in #WhiteLivesMatter
@Jedi_Pite_Bre is Islam against #Christians #Jewish #Hindu #Atheists #Buddhists #minorities #Humanity #Islamishate #stopIslam #terrorist
@3lectric5heep @donaldbroom I was in Dearborn abt 14yrs ago &amp; even then I'd thought my flight was redirected while I was asleep. #norefugees
@AmyMek Absolutely sickening to see western leaders bowing down to this sick ideology!  #StopIslam
Canada
@ealDonaldTrumpp I guess he should be licking Muzzy ass like Obama would've done #StopIslam not #PrayForLondonŸê
Dear Black People, u can't hold parking spots with ur body.  #typical #Rude  #Nigger
@JustinTrudeau @RuthRogul look at France &amp; the refugee mess! #norefugees
@V_of_Europe @DukeReeder Try this one:  #IslamIsTheProblem
BLM, Crooked Hillary, Obama are the REAL RACISTS!!!! #WhiteLivesMatter #BlueLivesMatter #FuckIdiots^
@Adamizer1 Believe I saw God, believe I am the Messiah, believe jobs R slavery,  then ask God 2 show himself. #Timotheanreligion #ISIS #isil
THe media are making quite a big thing of this incident in London, anyone would think it was a rare event. #MAGA #BanTheBurka
@hellabitz @Anarchangel_ @HollowKrowns @thehill say we need x amount of men to confirm our rape. That would be Sharia Law. #BanSharia
@EU_Commission @EU_Growth @JunckerEU 'We are with the victims, but keep the door wide open for Muslim terrorists' #GoAway #islamistheproblem
@KenDilanianNBC Every time we downplay and make excuses for #GlobalJihad we play into their hands FIFY
Their "holy" book tells them to do these things. 
@immcouncil He's enforcing the laws in place. #reportanddeport #buildthewall #immigration #noillegals #norefugees
@AshleyJudd You're kidding, right? Women's rights should NOT include submit to laws where women are ruled by men. #NoSharia
#blackLivesMatter is just a way to HATE white people. Shouldnt #WhiteLivesMatter cuz ALL lives do? *
@GermaineMick @AmyMek @2tweetaboutit So many people still don't know and don't want to know. #IslamIsTheProblem #londonattack
@WomaninHavana Man was non practicising Muslim, but dont let #Facts get int he way of your narrative eh? #IslamIsTheProblem,stop being cucks
@stephenasmith @FirstTake Again another #Milking of the #RaceCard by @espn I hope @Disney will stop this #Evil tirade from this #Racist
@BateZen @TRobinsonNewEra Sort of blows your 'one singer' analogy right out of the water, doesn't it? #StopIslam #KhalidMasood
@fitzscrounger @tfowkes02 @Channel4News deflect,deflect,deflect, thats all you have huh, he who denies #IslamIsTheProblem is the loon #Facts
Quran 2:191: "Kill them wherever you find them" There is nothing worst than being taught "peace" when U R just a child... " #StopIslam pic.t
@tammytrue8 @IsraelVideos Obama admin and MSM wouldn't even acknowledge #ChristianGenocide is real!  #ccot #Christians #pjnet #tcot
Don't be in the herd of fools believing the "Radical Islam" lie. Stop and THINK... It's not that hard to do. 
Don't #PrayForLondon fight back against the worst religion in the world, #StopIslam
@ABSCBNNews is the guy yazidi? Oh wait, an islamist #islamistheproblem as usual
British-born &amp; "Homegrown" Terrorist. = #Libtard Codeword For 'White Supremacists'!
@TwitterMoments #Libtards Love 'Homegrown [White] Terrorist' Angle
@mikandynothem And if a muslim woman is ever nominated, the question will be, "What size justice burka do you wear?" #StopIslam
Number one cause of a Muslim extremist: a moderate Muslim. #Trump #BanTheBurka
(Give'em an inch) 1st comes the #Hijab, next comes the #Burka &amp; finally comes #FemaleGenitalMutilation #WakeUpAmerica #IslamIsTheProblem
@onlytruthtweet @RitaPanahi @clayroutledge @cagingthefour Fool, @RitaPanahi Has LIVED what #Islam Means in the #Quaran : #IslamIsTheProblem
@AsadAli2047 Your country executes blasphemers, Islamofascist savage #StopIslam #NotAllMuslims
@PrisonPlanet gotta ban Muslims from driving in our cities,they have the ability of turning every thing in to a mortal weapon #Stopislam
#blacklivesmatter ???? Uh.... to who??? Not ME...... #WHITElivesmatter ;
@CanadaMoments  Muslim-majority countries?
@Ed_Demolay And an angry little immature appeaser at that. One whose vocab rivals that of a garden variety punk ass teen. #islamistheproblem
My race has a rich history, I am of course talking about caucasians. #WhiteLivesMatter /
#IslamIsTheProblem 4. Muslims believe Muhammad is perfect. 5. Islamists want to impose savage sharia on all. ...
Is saying that Arabs used white women as sex slaves for 100's of years xenophobic? Cuz it is true #slavery #slaves #racism #STOPIslam
@Ron_Quinata @CNN @realDonaldTrump  I don't really care. I just want it built!! #BuildTheWall
@DavidJo52951945 @AgendaOfEvil 
@DarleneHBrook #IslamIsTheProblem towards peaceüïä
Close your borders England, France, Germany and Italy! Stop being politically correct! It's killing you. #LondonTerrorAttack #NoRefugees
#PrayForLondon to find their testicles and fast. #ukpoli #uspoli #cdnpoli #stopislam #fuckislam #nukemecca
@LeaaKeren So you support them having to cover, being raped, abused, stoned, etc. Feminism stands up for #WomensRightsNotWrongs #NoSharia
@lbc #lbc @KTHopkins I feel much MORE concern that he WAS British-born!! Means RADICALISATION ingrained in Britain's society! #STOPISLAM
@_ThatGuyT agreed, prejudice is not, righteous indignation most certainly IS, #IslamIsTheProblem, no excuses, no excetions...
@EylonALevy So to prove his point he mows ppl down &amp; stabs an officer. Yeah, we get it. #IslamisEVIL #BANISLAM #ISLAMISTHEPROBLEM
@MarkSteynOnline is on fire today ridiculing sanctuary cities in NH. Thanks for putting this in the spotlight Mark #NoRefugees
@MariamVeiszadeh Then how come they're always muslims....nice try though! #BanIslam #IslamIsTheProblem #BanSharia #NoRefugees #MuslimBan
Islam, Muslims &amp; The Religion of Peace? Time for Crusades II?  #RT #STOPIslam #TCOT #MakeDCListen #TeaParty #Conservatives #CCOT
Can anybody tell me what's so special about Muslims? 
@FambrasBrasil Islamic state approve the terrorist attack in London. What did you talk about this? #NoSharia #StopSharia #NoMulticulturalism
@realDonaldTrump Before he enter on the Execution of his Office, he shall take the following #NoRefugees
@RepTedDeutch @HouseDemocrats @HouseGOP you mean will not be FORCED to pay a fine like Obamacare! #nosocialism #nosharia #nogovtcontrol
@asadowaisi did @guardian ever right d rise of #caliphate #ISIS #ISIL spooks d MAJORITY of NonMuslims across d world as #terror land spreads
@AshleyWarrior my daughters life is more important to me than the feelings of #libtards islam = death cult #banislam #nosharia #neversubmit
@iffy999 No true scotsman,sad. the truth is #IslamIsTheProblem
@Emcruise6 Why is your anger towards me and not the radical Islamic terrorist and the ideology that caused this tragedy? #IslamIsTheProblem
@AJmarti95995920 the  ACLU , JDL, ADL, SPLC etc (((#communism))) #WhiteGenocide #WMD of choice, not when blacks rape, torture, kill whites
#PrayForLondon Yes. Pray they wake up and rid themselves of the terrorists among them. But it's not going to happen. #islamistheproblem
@TEN_GOP @mikewright1997 No,@POTUS  isn't. We need 2 STOP THIS CULT ISLAM B4 this happens to USA!  #banIslam #BanSHARIA #banMuslims #MAGA
@StockMonsterUSA @deplorablezilla Islam is not a religion nor peace. Islam is hate, death, conquest, submission. #BanIslam #StopIslam
#blacklivesmatter ???? Uh.... to who??? Not ME...... #WHITElivesmatter *
BLM, Crooked Hillary, Obama are the REAL RACISTS!!!! #WhiteLivesMatter #BlueLivesMatter #FuckIdiots;;
@haney_michelle "we know not the hour" but the beast will come out of Europe, the stage is set IMO #islamistheproblem @TEN_GOP
#BanSharia almost all are unaware of what islam is they just copy paste From1 to1.6 bn doesn't come bykilling someone there's something init
@SonofLiberty357 The religion of peace, preaching it's peaceful message again. #BanTheBurka
@AhMed84560760 @TIME #IslamIsTheProblem the hate that is Islam did this, most vulgar immoral religion under the sun
My race has a rich history, I am of course talking about caucasians. #WhiteLivesMatter ..
@realDonaldTrump amendment to the Constitution by the legislatures of the several States, as #NoRefugees
London is like ground zero 4 these attacks. Y? -@oreillyfactor
It turns out the #Westminster attacker was born in Britain.
Build her a Wall! Build her a Great Wall !! Build her a wall to keep her safe from the NIGGERS! #whitelivesmatter
@piersmorgan they already did considering who your mayor is. #IslamIsTheProblem #pedophileProphet
What does #realchange mean to you @JustinTrudeau  "open honest government" listen to cnd's that oppose #m103 and Islam ideology #nosharia
@TRobinsonNewEra  #IslamIsTheProblem Watch this video and you will get it.
@Political_Trump the white,cis privileged man is looking at the dying person,the muslim is looking at her phone #StopIslam
@DonaldJTrumpJr Khan was quoted incorrectly. What he meant: "major muslim city". #StopIslam @Independent
Have been watching @BBCBreaking and you haven't once mentioned that this was a Islamic attack #IslamIsTheProblem #KahlidMasood
@CM2ALAW He should have wasted every stinking one of them. #Nomuslimusa #nosharia #banallmuslims #ALLAHSUX
@woodcockmick @nobigotry Makes zero sense! Islam is not compatible with the west! #BanIslam #IslamIsTheProblem #BanSharia #NoRefugees
@guillermodiazyo Please tell me what are you trying to #resist ? Making America Safe? Making America First ü§î #buildthewall #MAGA
Call it #whitegenocide but I am glad that Benjamin Banneker invented the first American clock
@TwitterMoments  Muslim-majority countries?
@DaveChappelle are you aware Mohammad had black slaves? #stopislam
need to KNOW what's being preached because people aren't born extremist Muslims... They're being made. #fuckISIS #IslamIsTheProblem (4/5)
@ChrisRickerd @ICEgov @CustomsBorder @DHSgov @HouseHomeland Arrests up 50%? Sounds like a good start to me! #BuildTheWall
@theonejrf @PaulineHansonOz Islamaphobia- a term created by facists, and used by cowards, to manipulate morons, #IslamIsTheProblem
@TheRebelTV @FaithGoldy you should list the names of the MPs who voted this bill and let them pay when better times will come .#STOPISLAM
We all know the truth, the left supports and enables the problem. Time to talk openly and honestly about #islamistheproblem
@UNRefugeeAgency @TheCut The refugee crisis is nothing more than another Islamic invasion of the West. That's the truth! #NoRefugees
@BrokenCountry1
I pray for the west because libtards, left traitors &amp; Islamicists R turning the West into an Islamic cesspool NOT #prayforlondon #StopIslam
@dumptee_humptee No need2 get your panties in a bunch over a snarky poll Pick up your skirt FFS @Ed_Demolay #IslamIsTheProblem #LondonAttack
Parliament
Big surprise it's another incident of Islamic Terror #islamistheproblem
@tyrone345345 @tariqnasheed Fuck me you talk some shit. Doesn't matter what colour  a terrorist is, a terrorist is a terrorist 
LET'S GET THIS SHIT TRENDING! #WhiteLivesMatter @lildismiss
BLM, Crooked Hillary, Obama are the REAL RACISTS!!!! #WhiteLivesMatter #BlueLivesMatter #FuckIdiots..
#AMJoy ever since #BarackMillhouseObama left office black racists in #MSM are playing the #racecard
You do realize years ago Islam declared World War on us right?
I will never be a brain surgeon cause I'm not intelligent enough. But unintellectual blacks would play the #racecard for not being a Dr.
@ExUnitateVires @steve_hofmeyr @EricJWest Why can't it be a troubled teen hits another with a brick - why the collective? #racecard
@corinaishere @trumpwrongworld @PrisonPlanet #sharia makes me sick too. #islam #islamistheproblem calls for death to #lgbt screw that!
@garym9999 #Atheist don‚Äôt have independent thought, because #PublicEducation is #AtheistIndoctrination.. #Isis #ISIL #TeamJesus
@PatVPeters @mary122514 To Hell with Halal. #nomuslimusa #nosharia #banallmuslims #allahsux
#blacklivesmatter ???? Uh.... to who??? Not ME...... #WHITElivesmatter ;;
@SouthLoneStar ignore the snowflakes #IslamIsTheProblem #muhammadism #migrationjihad
Critical Islamic facts to help you debate. @PoliticalIslam must be defeated. #STOPIslam #BillWarnerPhD #MakeDCListen #BanSharia
I am God!
@Trigrrd_tweetr Cultural enrichment shenanigans, nothing to see here. #islamistheproblem 
@DougSaunders Traitor coward, weakling and appeaser, a grade b hack at best #StopIslam
@Scottlfc87 'normal woman' - that's what's wrong with your culture #londonattack #islamistheproblem
All Muslim Women should celebrate by stripping naked. #muslimwomensday I am declaring April 3 A Day for Non-Muslims. #whitelivesmatter
Call it #whitegenocide but I love Indian food
IN THE STU BOUT TO COOK WITH @TonyJGuapo üî© FUCK SLEEP #nigger
@PamelaGeller #islam #islamIsTheProblem - we MUST criticise #islamicIdeology until it is fully exposed for the lies it is
@TuckerCarlson Your commentary on terrorism would be much improved if you showed knowledge of Islam.  Read the Koran #IslamIsTheProblem
Found a weird #racist #PornVideo just #MiamiMeanGirls (wtf) beating a black guy screaming #Nigger at him. WTF?!? 3am dark site search.
More reason why I never interact with black people in #southafrica #Sensitive #racecard #Spur #prejudice #blamegame #Apartheid
@tombillybranch try hating the lying thieving raping mass-murdering pedophile #Muhammad. #IslamIsTheProblem
.@BrendaStoter @ReedRobertson @DemonTwoSix Demons can only do what their leader Satan urges them to do. #BanIslam #Islamistheproblem #tcot
Yo #racist #SpikeLee ur boy #colinkaepernick had choice to sit, teams have choice not to hire the ahole #racecard #GodBlessAmerica
#blacklivesmatter ???? Uh.... to who??? Not ME...... #WHITElivesmatter !
@TheMeemStreams oh, they surely will, that's what my Bible promises me and I read it everyday. #BanIslam #NoSharia #CCOT #Jesus is the way
@ThePapaganda too bad the perp was a Muslim just like the other 30000 attacks. #StopIslam
@Kiyapple_ Islam is not compatible w/civilized society. More of a violent cult than a religion. #NoRefugees #NoRapefugees #WeCAIR is a lie.
@USAAssociation @ReadTheHornNews @Starbucks should have stayed out of politics..hope your stock crashes and burns...#NoRefugees #VetsFirst
@zakSkybrush2 your stats are as wrong as your point, Dhimmis #NothingToDoWithIslam #StopIslam
@EmpireFOX Wtf Anika! You killed Rhonda, doesn't anyone remember this!? #whitelivesmatter
#BanIslam  #NoSharia
IF U THINK #whitelivesmatter is a hate group, u are a hateful biggot. WHAT MAKES MY LIFE LESS VALUABLE?;
Sovereign Nation = Borders, Language &amp; Culture. Lose any one of these you lose the nation.  #BuildThatWall #NoSharia
@SamiahSaid He would only want freedom for you and all people. You don't have freedom even though you think you do. #bansharia
How many more innocent people have to die before the violent backward ideology is rejected in the modern western world? #StopIslam
@AdouBD @Mikanojo @KevinWGlass 
@AngeloJohnGage @INTJutsu He'd be the HEAD of #ISIS! Time to #StopIslam #PrayForLondon #LondonAttack #Westminster
@StopIslamicRape @TRobinsonNewEra 
Poll: 
@AmyMek Savages! #banislam  #Islamistheproblem #deportmuslims
@MiddleEastMnt @sariorabi that's a dumb question!! We hate him because of Islam! #IslamIsTheProblem!
@IAMERIKPACHECO #IslamIsTheProblem America must be Muslim-Free! The world would be a far safer and better place if there were zero Muslims.
The black garbage gets rid. #IS #Daash #Daesh #ISIS #ISIL #IslamicState
Remember this attack in the name of #Islam has nothing to do with Islam #liberallogic #Islamistheproblem
IF U THINK #whitelivesmatter is a hate group, u are a hateful biggot. WHAT MAKES MY LIFE LESS VALUABLE?#
@AmyMek @StandUpWhiteMan get those dirty fucking moooslims out!!!#islamistheproblem #banislam
@tellilikeitis @Connie59506959 FYI I just saw a Moslemscumbags wear a burka yesterday! Washington DC #bantheburka
@FoxNews #ChristianGenocide underreported if at all !
BLM, Crooked Hillary, Obama are the REAL RACISTS!!!! #WhiteLivesMatter #BlueLivesMatter #FuckIdiots?!
@MacleansMag The West will continue to pay an every increasing price for pretending #Islam is just like any other religion. #StopIslam
@IAmBirmingham Aggressive political ideology with a misplaced superiority complex. Contributes nothing to GB. #stopIslam #Westminster
Jeff #Sessions cited the 2-yr-old case of a woman shot dead by an illegal #immigrant #deported 5 times as an argument for #deporting. #Duh!
üî• MT "@realmcstanson Throw that #Islamist pack out if you want to save your last bit of honor, #UK. #LondonAttacks #StopIslam"
@theonejrf @ConfessionsExMu Anti MUSLIM bigotry (the person NOT the belief) Is genuine bigotry but the actual belief #IslamIsTheProblem, 2/2
.@AmyMek @RoRoscoe Sickening! If this every happens here I'll blast God Bless America in their faces. #DhimmiNation #Islamistheproblem #tcot
@FleederMae @RealJamesWoods @Lrihendry
@Refinery29 No it isn't liar. Those women can be beaten, raped or murdered in many Islamic places if they don't wear them. #StopIslam
The penalty for sin is death &amp; eternal punishment, every #atheist knew this. #Isis #ISIL #TeamJesus #Armageddon #tcot
@S_T_O_P_TERROR @MAGA_SAF2 Such hatred Muslims have for us. #NoRefugees
@camboviet my survival instinct makes me say , oh man we're gonna be fine". But you see, we've already lost. How do you stop it..
There is only safe space: a muslim free country.
@greeneyes0084 these hashtags come from the left who hate Christianity, prayer &amp; the USA #IslamIsTheProblem #PrayForLondon #maga #
@benthepoet The religion "of love and peace" Europe 4 europeans. #stopislam
3 million Muslims in the UK and #IslamIsTheProblem REALLY? I don't see the Logic. 
@lynnemorvirat @CarolHusband @horseneverlies @themadsloth I feel bad for the people of Canada. #NoSharia #NoJihadInAmerica
@asamjulian @BrittPettibone they have to go back #sendthemback #noRefugees
@AuntyNeville664 We all know wolves travel in packs and not alone. #banIslam #IslamIsTheProblem @AP
@rbellefqih I wonder how much planning &amp; money went into staging that photo op? #PrayForLondon #StopIslam
It is Islamist terrorism....a perversion of a great faith THIS is the fundamental prob #ISLAMISTHEPROBLEM #UKParliamentAttack
looking at the #islamistheproblem tag is so frustratingly hilarious, didn't think it was possible to be that ignorant
@realDonaldTrump GO EAT CAKE ITS FUCKING GOOOOOOOOOOOOOD #nigger
If Jews have been faking bomb threats to their Jewish Community Centers, I wonder what else they could be fabricating?
@BBCBreaking @BBCNews Islamic Terrorist suporting Merkel should be executed for the destruction of Europe.  #NoIslam #IslamIsTheProblem
Yes, put it on my grave that #ISaluteWhitePeople. Never before has a single race done so much for the world!!! #Whitelivesmatter!
@bfraser747 Oh @Nike - Just DON'T  "Do it"! U R supporting oppression of women! I'll buy UnderArmour stuff from now on. #IslamIsTheProblem
@TheMeemStreams @rickwross Sickening! #nosharia
The USA IS a Judeo/Christian country if Muslims don't want to assimilate then they can damn well leave #NoSharia #NOTNOWNOTEVER
.@ezralevant All smart people know "moderate" "reform" #Islam is bloody lie, bc #IslamIstheProblem #ShariahIstheProblem #QuranIstheProblem.
@ThomasWictor @dyanjae #IslamIsTheProblem #Obamacare @nypost @NavyTimes @USNavy @NancyPelosi @RNRArizona @abc15 Dems own that SH$T
@LBC @MatthewStadlen NEXT Terrorist attack involve a man or woman in a #Burka so let's #BanTheBurka on security grounds in public places
What a sham! #IslamIsTheProblem @DavidJo52951945 @CombatHeroes
@CNN How about praying you all wake the F&amp;@K up.
There is no place for barbarity in a free and democratic society,there is no place for islam. #stopislam #banislam
@tumisole @sahrcommission And what about Church Street Bomb 1983? #WhiteLivesMatter
Stop the fucking import of islam to europe for Fuck sake !! #PrayforUK #PrayForLondonŸê #stopislam
@V_of_Europe @holdem00
I can't take this propaganda on @LBC right now. #LessonNotLearned #IslamIsTheProblem
I bet Scott Baio probably posts in #WhiteGenocide
@theresa_may... How VERY EASY For you to say
@Chunders1990 I have compassion for the victims! Sick of the kumbaya chanting after every freaking muslim terror attack! #IslamIsTheProblem
Illegals are thugs and Muslims are pedophile rapists. Twitter vent done. I'm out.
@theonejrf ...exactly #IslamIsTheProblem,the induvidual MUSLIM who choses or has imposed upon them Islam must choose secular values OR Quran
@SweetCharityS HOLY SHIT! These SICK FUCKS!!! They take our kindness FOR cowardice. I've SMARTENED UP, now our GOVT MUST! #STOPIslam #MAGA
@abnheel moslem brought a knife to gun fight...gun won again.#IslamIsTheProblem
Yes, put it on my grave that #ISaluteWhitePeople. Never before has a single race done so much for the world!!! #Whitelivesmatter/
#bbcsp #sundaypolitics
American #altright #whitegenocide-propagandists think they're Greek, Norse, Finnish, Swedish all at once. Dude-that's NOT your culture,silly
@MacleansMag There are no questions. The answer is already very clear to anyone who cares: #StopIslam 
#blackLivesMatter is just a way to HATE white people. Shouldnt #WhiteLivesMatter cuz ALL lives do? #
Fareed Zhshariaüëâ#CommunistNewsNetwork,a plagiarism who thinks western women are cattle is an islamocrat.period #IslamIstheProblem
@trumpflorida1 The age of consent in Mexico is 12. It's OK to rape a girl if you marry her afterwards. #BuildTheWall @Cernovich
@91Gulfvet @zoombouse @Lrihendry They are spreading it like Rosie O'Donnell does. It is time to #NOMUSLIMUSA #nosharia #banallmuslims
@realDonaldTrump Hope u told her what an IDIOT she is for letting all those troublemakers in. #NoRefugees!!
DAESH is lower than the feces of the dog. #IS #Daash #Daesh #ISIS #ISIL
@BorisJohnson Islam is a political system designed to conquer, not a religion Politicians R whores 4 Islamic insanity #NoSharia #BanIslam
@apurposefulwife
@bobfox321 Heeelll NO! No sharia, no Muzzies #STOPIslam #PoliticalIslam #CSPI
@cbatson941 Invasion force ready to drain the welfare systems and rape European women! Should go back and fight! #NoRefugees
@PoliticalKathy Absolutely agree Kathy.  Awesome synopsis of the reality of Islam.  #BanIslam #NoSharia
@InTheYear1611
@MHussai92899517 @Ayesha_aasshhii Your prophet was a child molesterer and a worm, wothy of ridicule, #IslamIsTheProblem, we will ALWAYS MOCK
@itvnews @DanMathewsBooks This is why we should crack down on muslim gangs in our prisons: isolage, segretage &amp; deport. #IslamIsTheProblem
.@weezeontoast @SouthLoneStar Oh really? Then find us one single Islamic sermon where this is the case.
#BanIslam save the world üåé
@Independent Funny that it's only women standing in the picture haha, the ones who don't have a say in their own ''religion' #banislam
.@CJTF-OIR: 80% of the population in Ramadi, #Iraq have returned home #DefeatingDaesh #ISIS #ISIL
#IslamTerrorism is a problem, but who keeps bringing Muslims into European countries? Hint: Who runs the media and Hollywood? #London
@VisitAbuDhabi only if we can come to you and can't everything to suit us. #nosharia
@ClevelandMayor stop this sanctuary city bs!! Support OUR @POTUS n @USAGSessions. We don't want to be a sanctuary city!!! #BuildTheWall
@AndrewCMcCarthy is right, #IslamIsTheProblem.
@canarymission @JoHnnY_Boiiiiii Why are these muslim pigs in my country? #Deport #BuildThatWall #BanIslam #IslamIsTheProblem #NoRefugees
More dead &amp; gravely injured in latest UK terror attack
@FoxNews @CristobalJAlex @TheJusticeDept Immigration Reform is to Deport ALL Illegals, Secure the Border, &amp; Stop #WhiteGenocide.
@michelekirkBPR That is so ludicrous #yestoban #nosharia #keepamericagreat üá∫üá∏
Even if #whitegenocide was a real thing.. well.. good!?
Instead of using the hashtag #NoRefugees, maybe we should be more truthful and start shouting #NoBarbarians! That's what they are.
From the commonsense people of America to the commonsense conservatives in #Britain, we stand with you. #GodBlessLondon #StopIslam
@AP @jongambrellAP  He has trademarks in Egypt, Saudi Arabia, Turkey &amp; UAE. It's not a concidence that none of these are in the #MuslimBan
Idiot British pol on London Muslim terrorist:"The fact that the man is a Muslim is utterly and completely irrelevant‚Äù #IslamIsTheProblem
@pspoole When you elect a muslim mayor, the middle east moves into your neighborhood so expect terrorism. #IslamIsTheProblem #WakeUpAmerica
@ConstantinCI  Truth!! #IslamIsTheProblem
To #SadiqKhan I hope your fucking happy blood has been spilt on the streets of #London but you side with terrorists
@9NewsAUS #nosharia ban them
@TRobinsonNewEra @SamvanRooy1 OMFG. This is so MEAN. #stopislam
#BanSharia #StopIslam from gaining footholds in non-muslim countries
@RetireTheLeft that is y I am so glad that hood rat is gone #STOPIslam
@Anni_Cyrus Hello, Thanks for the real news. Media Known to lie! #StopIslam
Right-wing logic
@BrurellSue @realclearisrael @iamIqraKhalid  Tragically, your concern is well warranted.   #NoSharia  #USA  #Canada   #Israel  #LeavetheUN
@bglopr Your analogy is illogical. #islamistheproblem Vulcans value life and culture. Islam values dominance by rape and destruction.
@Mike_Estrada1 @TRobinsonNewEra Been a while since they've had one. Heartbreaking. #islamistheproblem
I took a walk with a dog today. #IS #Daash #Daesh #ISIS #ISIL #IslamicState
Call it #whitegenocide but I am glad Patricia Bath, a black woman, made inventions that are still used today to treat cataracts
#MarkZuckerberg is a #jewish #nigger #littlebitch running his company to the ground its okay im sure theres still enough money for me
BLM, Crooked Hillary, Obama are the REAL RACISTS!!!! #WhiteLivesMatter #BlueLivesMatter #FuckIdiots.
Don't bring cockroaches into your house and then complain about an infestation. #BanIslam #NoRefugees Kick them out! Take your country back.
@BasedVet @jabenjoh Happy #muslimwomensday Let us behead some infidels #islam =death #allahakbar =SeigHeil #BanSHARIA #BanHijab #NoRefugees
@V_of_Europe @SueWhitaker11 and feminists say 'burka is a woman's freedom of expression'! #bantheburka in the UK - it is a tool of control
Concrete blocks popping up all over the place in European cities thanks to Islam.
@DavidJo52951945 Thank you, David. I was wondering when this detail would be announced. #IslamIsTheProblem #BanIslam
@ShaunKing @realDonaldTrump Nice to see U are defending the criminals as usual Sean. Ur R the enemy within #StopIslam #Dindunuffin
#IslamIStheProblem YOU might scare us, but you also stir us. @lepen @MayorofLondon #londonattack @POTUS @TeamCavuto @PrisonPlanet #tcot
@primalpoly &gt; Proving YET AGAIN, that islamic terrorism is a Global Problem, even WITH homegrown radicals. #IslamIsTheProblem #BanIslam
Radical Islamists? Islam IS radical. #BanShariaLaw #BanIslam #NoMoreMosques #MoreMosquesMoreProblems
@zlando She put them in their place ... hope she's still alive. #islamistheproblem
@VP @RealityCallsCo CLOSE THE FUCKING BORDERS completely. NOW #london #bansharia #nosharia #NoRefugees End this now.
#blackLivesMatter is just a way to HATE white people. Shouldnt #WhiteLivesMatter cuz ALL lives do? ..
They finally called it Islamic ideology because we know it's not always Isis - it's fundamental Islam worldwide
@realDonaldTrump committed; but when not committed within any State, the Trial shall be at such #NoRefugees
@Priya_d92 I don't fear being killed by Muslim terrorists. I fear Sharia and forced religious compliance. #NoSharia
Sadly @AmyMek, the #LooneyLeft would rather burn candles than actually fight evil!
@TEN_GOP @TheNotoriousXAV these retards need a lobotomy! #stopislam sad things is I use to believe in every word he is saying...
@MayorofLondon @Cernovich moron! #islamistheproblem
A lot of ppl can't wait 2 blow us up n behead us - but have been told not 2 draw 2 much attention- not quite ready- yet-
@NoCommiesPlease #IslamIsTheProblem agreed!
@ABC @newsbusters He's absolutely right. The man is destroying London as a city in which to live or to visit. #StopIslam
@Telegraph Wherever there are muslims there are terrorists. #IslamIsTheProblem #Deport
This attack in #London tells you 1 thing we are not safe from terrorists
#London #Westminster Islam is not a religion nor peace. It is hate, death, conquest, submission. Islam has no place in the West. #StopIslam
@foxandfriends @StacyBrewer18 How foolish! #NoSharia #FreeLeonardPeltier
@ABSCBNNews @AFP did teresa blamed @realDonaldTrump? #islamistheproblem
@MissLizzyNJ Why does London look like Pakistan instead of the Capital of England? #brexit #deportthemall #NoRefugees
@hrtablaze @cuzaus @TRobinsonNewEra Good onya Tommy and reporter mate. #IslamIsTheProblem
@JackPosobiec @HURRICANEPAUL #WhiteGenocide Wake Up, Fight Back!
@ryyma12 Sorry you liar. ISIS is 100% Islam #PrayForLondonŸê #StopIslam
@Independent #ISIL believe creating division allows them to take control or cause 'war' in countries where they aren't welcome. Everywhere.
@KlamoSandy @Melissa_AFV we should all and every tweet, regardless of the subject with #NoRefugees !
#blackLivesMatter is just a way to HATE white people. Shouldnt #WhiteLivesMatter cuz ALL lives do? !!
@InfidelsRevenge @smileygirl19681 Sickening.#LibtardLogic #islamistheproblem
Yo #racist @SpikeLee ur boy #colinkaepernick had choice to sit, teams have choice not to hire the ahole #racecard #GodBlessAmerica
@foxnation @Priebus I agree like #NoRefugees #NoSharia &amp; a real reduction of America's Population Rate #AmericaFirst #MakeAmericaGreatAgain
@IanPTrait #Islam is Against #Hindu #Atheist #Buddhist #Minorities #Democracy #Christians SO wtf else ppl need to Get it?!! #STOPIslam
I have no problem w/ a muslim woman choosing to wear a hijab, but she shouldn't have vagina seared shut, or be stoned, for not! #NoSharia
@TEN_GOP Islam is a cancer on the world. #BanIslam #BanShariaLaw #NoMoreMosques #MoreMosquesMoreProblems
Do people even realize the terrorist in #UK was an English teacher
#blacklivesmatter ???? Uh.... to who??? Not ME...... #WHITElivesmatter
@Occupy_Update @ShaolinMunkeh @Elizabeth231271 Attacker being British born just proves #IslamIsTheProblem, Muslims can radicalize anytime.
#whitelivesmatter - just gonna leave that right there...
#blacklivesmatter ???? Uh.... to who??? Not ME...... #WHITElivesmatter ^
@georgeeaton Diversity in the victims-sure. Diversity in the terrorist-nope! Alway the same POS with Islamic ideology.  #Islamistheproblem
@FloEshalomi @SadiqKhan @cllrbray Go back to Middle East and spread your Islam spawn there! #STOPIslam
@washingtonpost you can achieve that only if you #BanTheBurka #BanTheMullah Ban #FGM. Destroy #radical #islamists. #Trump
@Sporty1546 Eradication of islam would go a long way towards world peace. All who have their eyes wide open -see.  #StopIslam #LondonAttack
@GrrrGraphics @GlennMcmillan14 @MLP_officiel the hijab is a symbol of oppression. Burn it along with the Quran. #IslamIsTheProblem
GET OUT OF THIS COUNTRY.  #IslamIsTheProblem
@frenchiefrance And what drives the disturbed individual? A hateful ideology that allows no other. And #appeasement of it
U know u r a bag of crap if ur main concern after the latest Islamic terror attack is to fret about Islamophobia #StoPIslam #PrayforLondon
@ABSCBNNews bombing, killings brought to you by the religion of piss, islam, the curse of humanity #islamistheproblem
@realDonaldTrump Amen! Thank you! We know u r going to #MAGA #draintheswamp &amp; #BuildTheWall üá∫üá∏‚ô•Ô∏èüá∫üá∏‚ô•Ô∏è
We need to preserve our uniqueness. 
#blacklivesmatter ???? Uh.... to who??? Not ME...... #WHITElivesmatter @
@ARnews1936 @OnlineMagazin Geez #NoRefugees
Call it #whitegenocide but I love Jamaican rum
Without war #Islam is not going anywhere. #Mohammad had been successful with terror always remember that. #BanIslam #StopIslam
@TwitterMoments Silenced how? You mean silenced by their own families. #Islamistheproblem
@SionnaMaz
WE WILL NEVER BE DEFEATED #PrayForLondon  #STOPIslam
#IslamIsTheProblem 7. What to do about the religion of peace? 
#Muslim controlled area of #Luton celebrates #londonattack #NoGoZone #Bury #IslamIsTheProblem #BanIslam #Deport #Pedophiles Promises more...
It's in every right wing party's interest (world wide) to keep us fearing Islam, it 'gives them a purpose', keeps them in power.
@foxnation The British government needs to end Sharia,No-go Zones in London and anywhere else in the UK #NoSharia 
Very Religious #Muslim code 4 Suicide #Terrorist, "Moderate #Muslim" code 4 #Muslim who straps them into the belt. #IslamIsTheProblem
@FoxNews @PoliticalShort @Uncle_Jimbo We already know #IslamIsTheProblem
I'm curious @MayorofLondon, was today's attack on Parliament done by a "mainstream Muslim?"
What are d southern politicians saying on this? Do they need more proof to realize that Nigeria is already Islamized? #NoSharia
@V_of_Europe I want to show them my human face, put them away on a far away island to let other ppl safe from this barbarians! #stopislam
@Conservatexian @DailyCaller NO surprise it was a Muslim! I didn't even have 2 guess! #IslamIsTheProblem
.@marianorajoy @fhollande @theresa_may @AngelaMerkelCDU @PaoloGentiloni  @Pontifex Protect #Europe freedom &amp; europeans' lives #stopislam
#blackLivesMatter is just a way to HATE white people. Shouldnt #WhiteLivesMatter cuz ALL lives do? .
diversity = #whitegenocide this is fact;
The ignorance of people tweeting #stopislam ... How about #stopisis??? Terrorism has NO religion !!
#Trump lacks #constitutional auth 2 broadly cut off funding 2 states &amp;cities just bc they have lawfully acted 2protect #immigrant fams.-JS
@PolitiBunny @lsarsour #IslamIsTheProblem , and always has been.
Justin Trudeau is George Soros's puppet. He hates Canada and Canadians! #IslamIsTheProblem.
The #RaceCard? Until #Racism &amp; #WhitePrivilege fall I'll have one in my pocket &amp; I ain't afraid to use it. Somma carry 2 when I go to #Spur
#IslamIsCancer I hope one day ANY world leader will make Mecca glow in the dark for the next 10,000 years.
Call it #whitegenocide but I love Thai food
@WashTimesThreat @vocativ And since tgey are a #ReligionOfPeace they have very good intentions I presume.  #IslamIsTheProblem
@Refinery29 @ChelseaClinton what about protecting Muslim women from being murdered by their men or they have no rights? Morons! #StopIslam
@AMDWaters you have personified the power of reason, just with one tweet!
@BBCBreaking Fucking Muslim scum, and the left wingers continue to bury their heads in the sand. #IslamIsTheProblem
BLM, Crooked Hillary, Obama are the REAL RACISTS!!!! #WhiteLivesMatter #BlueLivesMatter #FuckIdiots!!
@MacleansMag Let's ask the Roman's about the Barbarian immigration policy... Oh, wait, the Romans don't exist anymore... #StopIslam
#PrayForLondon We been praying. How many lives need to be taken before we see #Islamistheproblem
Yes, put it on my grave that #ISaluteWhitePeople. Never before has a single race done so much for the world!!! #Whitelivesmatter;
Do you think today's London terror attack was Islamic? Is Trump right?
@zerohedge Honestly thinking, #China is not behind #NorthKorean? How could it boldly counter #USA? #Chinese version of #JSIL?
@SeanXLegg @ShehabKhan #Libtards Want To make This As Natural As #sharialaw!
@SouthLoneStar @TheSun part 2 #IslamIsADeathCult #IslamShouldNotExist #IslamIsTheProblem #DeportAllMuslims
@PrisonPlanet This woman Knows/Speaks/has Lived the TRUTH of Islam‚Ä¢LISTEN 2 her!! #IslamIsTheProblem
Randy Scott was like #whitelivesmatter don't make fun of that Northwestern kid.
everyone on #WhiteLivesMatter is not worth listening to
@BabyGirlHarlow @RT_com In Politically correct #Europistan "Asian" is code for moslem.
@MayorofLondon Islam is not a religion of peace. Islam is hate, death, conquest, submission. Islam is not Civilization. #BanIslam #StopIslam
#Islam is not a religion nor peaceful. Islam is hate, death, conquest, submission. Islam does not want to coexist, but dominate. #StopIslam
.@creepingsharia As it should be. This is an abomination. Public Schools are Not places of worship. Let them go 2a Madras #Islamistheproblem
Banning things is the sign of a society that has lost confidence in itself and its moral superiority. #BanTheBurka
@FakeTappTrump then this is just another real reason to #banIslam #banMuslims  and that #IslamIstheProblem
#DROPdeadMANYdecadesPRIORtoMEallYALL-#ROGUE[#NOC-lists/#homos/#localgovts]#LYINGdenyingMYunalienableRIGHTSb/c-#HEsays[#NIGGER/#bitch]!!#PT51
@badgirlkarma @BleepThePolice HUGE LIE #FakenewsCNN guilty taggers are fellow #nigger
@StefanMolyneux I have some words... #StopIslam #deportation
Yes, put it on my grave that #ISaluteWhitePeople. Never before has a single race done so much for the world!!! #Whitelivesmatter.
DONALD TRUMP &amp; QUINN are both the biggest bitches to walk this earth üòÄ fuck both of you racist bitches üòòüòò #NiggaLove oh wait he said #Nigger
The Los Angeles School District provides more funding for schools where the white population is below 30%. Why is that? #WhiteGenocide
@KjellIverson @LouiseMensch #Islamistheproblem when they want to #HangAyazNizami for words
@AP @jongambrellAP @realDonaldTrump has business ties in Middle Eastern countries NOT on #MuslimBan like Saudi Arabia a terrorist haven.
@Rokra_R #IslamIsTheProblem, Fuck your pedo prophet,
@ThomasPride #IslamIsTheProblem, stop being cowards, and admit the glaring truth, it is incompatible with western values
50 Million Muslims are prepared to use violence, We must Deislamize in order to survive. LESS ISLAM = MORE PEACE AND FREEDOM #STOPIslam
@UKMoments Muslim-majority countries?
#Syria #Daraa #ISIS #ISIL #Daesh Withdrew from Lajat Area NW of #Suwayda #Sweida DAYS ago No1 Knows Y. They Simply just left without a Fight
We live in a world where voicing Ur mistrust of #Muslims #Islam is a worse crime than murdering people in its name. #IslamIsTheProblem
I'm sick of black people thinking that they're the only victims #whiteprivilege #blackprivilege #whitelivesmatter #blacklivesmatter
@JENDPAT why is this a race thing? #whitelivesmatter
#CELEB Tees will be introducing #NiGGER Tees #SocialAnxiety Tees #Peace ‚úåüèªÔ∏è #Love üíï #Happiness Tees üåà
@dose about a punk????
U shelter them
@DeplorableKatie What an OXYMORON. NO MUSLIMS ARE AMERICANS. #NOMUSLIMUSA #NOSHARIA #BANALLMUSLIMS #ALLAHSUX
@Cernovich Walking by without any concern for her fellow human being. Why should we care about them. #NoRefugees #London #TerroristAttack
@TorahLectures IMHO if someone says, "Death to America" more than once &amp; w/out quote marks, they want America Dead. Etc.
.@scott_usmc @SouthFlaVet @CNNPolitics Is his life a "#WhiteLivesMatter a  #BluelivesMatter or a: #BlackLivesMatter or an: #AllLivesMatter?:
@azisanoor #IslamIsTheProblem, the Quran and the hadiths are the most anti women fiction under the sun, your not fooling anyone #Taqiyya
@RJMorse13 OF COURSE IT'S RELEVANT!!! THE TERRORISTS ARE ALWAYS MUSLIMS!!! #IslamIsTheProblem
Fuck your sausage in the ass! #DrunkDonaldTrump  #nigger  #penis #lonely #Fuhur  #Hitler
@themadsloth @ISupport_Israel  It's evident that Canada's survival is at stake.  With the U.S. in great danger as well.   #NoSharia
@ABCNews24 @JohnBlaxland1 what they want is to take over the entire world with their sharia law &amp; death to all those that say no. #NOSHARIA
This is a spiritual battle. There is no political freedom without spiritual freedom. #StopIslam #BanIslam
@canarymission @UofStThomasMN any one who voted for this Sand Nazi should be expelled #StopIslam
Trump WILL..BUILD THE WALL #BuildTheWall
Everything is whitewashing these days #whitelivesmatter #blacklivesmatter #whiteprivilege #blackprivilege
Read the Koran. Decide for urself. #ReTweet #STOPIslam #BillWarnerPhD @PoliticalIslam #MakeDCListen #BanSharia #CSPI
@JoMadRam @S3nt13ntB31ng @Paul197 @ATPJudge
@AmyMek WAKE UP AND START STANDING UP TO THE NEIGHBORS ALLOWED TO SHIT ON YOUR LAWN. 
The wall will be CHEAPER..... #BuildTheWall
So we are told the scumbag from the London attack was a lone wolf but there have been 8 arrests? #islamistheproblem
I ate a pig today. #IS #Daash #Daesh #ISIS #ISIL #IslamicState
We can't expect most muslims to adapt to our culture and way of life. They've been under Sharia law for thousands of years. #bansharia
#MSM official statement : 'International Terrorism'...... #Islamistheproblem #religionofpieces #liberallogic
@PrisonPlanet
@econbuttonwood Yes, this makes it all better. #Sarc 
@Inthemainewoods @mary122514 Disgusting #NoRefugees
@bcbluecon #$toptheIn$anity,#NoBillM103(motion),#NoBILLe411(petition),#NoSHARIA
@LouiseMensch Did they get permission from CIA or are they just paying better?
@SilverScarCat @TEN_GOP
Love @MarkSteynOnline these barbarians aren't "lone wolves" they are Known Wolves! #IslamIsTheProblem
Wonder what happens if I start a #whitelivesmatter after the #WestminsterAttack #londonattack
@TheHighCourt you barely have any white people on your show, I am genuinely offended by this. #WhiteLivesMatter
@KTHopkins Quran is the manual of the devil #Stopislam
#MSM!!!! When will you report on the dangers of #Erdogan or is it 'cos he's a 'slim?
If people start a #smallthighstwitter will that be like #whitelivesmatter?
@RitaPanahi @peepartist  A dark ages death cult. #islamistheproblem
@24runner
@ARnews1936 @OnlineMagazin - F*ing Niggers!
Another peaceful and compassionate Muslim terrorist doing hateful things in #London. Hate Preacher Abu Izzadeen. #WakeUp #IslamIsTheProblem
@BasedVet @sweetp1957 @lsarsour Islam is not a Religion it is a Political System it is a # DeathCult #IslamIsTheProblem  #AgentsOfSatan
Islamophobia is a moral duty. #IslamIsTheProblem @SampsonAvard
Black People should be arrested and put in a new exhibit at your local zoo. #TheTruth #ObamaGate #WhiteLivesMatter
@rescuetracker81 @C10oki Deport or Hang for Treason, give them a choice, which is still more than Kate Steinle was given. #BuildTheWall #DTS
@creepingsharia @oldtrooper75 just about says it all. Hope Virginia's smart enough to not elect him. #IslamIsTheProblem
@missmayim there is only 1 country in the Middle East I would survive as a lesbian...guess which one? Hint: it's NOT KSA #islamistheproblem
Khalid Masood aka Adrian Elms a dindu, converted to Islam after being jailed for stabbing a man in the face. #StopIslam #BlackLiesMatter
@helen_a15 We got enough hate here. It's from muslims #IslamIsTheProblem #WakeUp
Just went through #LindseyMaasdorp TL - so much paranoia, so much mental instability, so much #victimcard, so much #racecard. #Shem
You can't post Blazing Saddles quotes on Facebook.  I know this now.
IF U THINK #whitelivesmatter is a hate group, u are a hateful biggot. WHAT MAKES MY LIFE LESS VALUABLE?.
@RanaAyyub Something has happened in London.Stand against #islamic_terrorism London mayor is an agent of #ISIS #IslamIsTheProblem
#drjacksmith promotes #pedophilia for calling parents #racist &amp; #xenophobic after 18 yr old #illegal #immigrant #rapes 14 yr old girl.
Until we force Islam to either reform or exit the West Jihad will be a regular occurrence like it is in Islamic nations.
@SuperOffensive_ If I were a #Nigger I would kill myself, just so there would be one less of them in the world.
@PrisonPlanet Filthy maggots! #IslamIsTheProblem
@chelseaduke12 "British-born" &amp; "Homegrown" Terrorist. = #Libtard Codeword For 'White Supremacists'!
#blackLivesMatter is just a way to HATE white people. Shouldnt #WhiteLivesMatter cuz ALL lives do? ?!
BLM, Crooked Hillary, Obama are the REAL RACISTS!!!! #WhiteLivesMatter #BlueLivesMatter #FuckIdiots*
I do not permit a woman to teach or to have authority over a man, she must be silent. #stopislam
.@TRobinsonNewEra - Keep fighting for your country and against the plague of islamist terror. We support you!!! #STOPIslam
someone should make a blocklist to block everyone who unironically posts in #WhiteLivesMatter
@KletoKate I understand what you mean but freedom, liberties, human rights &amp; free speech are worth fighting for. #NoSharia @Franktmcveety
@TIME #IslamIsTheProblem, stop lying you cowards, your cowardice is causing harm, dont you see that?
@charliewinter keep making excuses &amp; the weaker our western world appears to radical Islam. The attacks will increase!! #IslamIsTheProblem
@TRobinsonNewEra #IslamIsTheProblem can anyone see a pattern?
@hectormorenco This is why we carry guns in USA! #Deport #BanSharia Schattenparker Muslims
@michaelcoren Or is it the definition of insanity? Repeat over and over and hope #Islam will become peaceful on its own...
@ABC How many more will die before people realize that #IslamIStheProblem
@HotNostrilsrFun this is the last straw i'm punching the next black person i see and setting something on fire immediately #whitelivesmatter
@FoxNews @AnnCoulter This tweet needs to run on loop retweet (I know that's NOT a real thing) . #Truth #NoRefugees #Deport #BuildThatWall üá∫üá∏
.@jihadwatchRS  was he part of #MuslimBrotherhood #Shariah police? #IslamIstheProblem #ShariahIstheProblem #QuranIstheProblem #Islam #Jihad
the #London islamic terrorist is Khalid Masood. 
CONFIRMED: IS takes reponsibility for London Attack. #prayforlondon #uk #westminster #stopislam #isis #is
Merkur Austria Sale #Halal Meat #√ñsterreich #StopIslam #AnimalRights #animalsmatter
@iNina_17 The real crime is the thousands upon thousands that die at the hands of radical islam. #stopislam
@VascoDaBabber78 @WalshFreedom why would I do that? You do know Muslims hate gays &amp; throw them off buildings? #Islamistheproblem
@BDubbya14 ...don't get this " Peaceful Muslim" started. #Insanity #IslamIsTheProblem
You have to write your politicians.
Shout out to mom.  #immigrant, came as a young mom. Loving Matriarch of a #muslimerican family that's making America great #muslimwomensday
#bbcnews #itvnews love how they have these "we'll all stand together" meanwhile in reality the tearing us apart. #islamistheproblem
Should all muslim in UK be deport and ban islam? #Islam #NoSharia #antiislam #fuckislam #londonattack #UKIP #UK #noburka #Wilders #MAGA #EU
@abroshar 
I never want to HAVE to pull out the #RaceCard #BlackCard. That would mean prejudices still exist. And that's crazy right?? BUT COME ON!!!
@AP Decades Billions in Food and $$ aid never reach ppl. Where is the water infrastructure the money should have built? #IslamIsTheProblem
@RitaPanahi @BryanSeymour1 @7NewsSydney There are many more that fear what they fled will once again become their future. #IslamIsTheProblem
@JackPosobiec @morgansparhawk .@MayorofLondon Another clear example of Muslims making countries  and people less safe. #IslamistheProblem
@LeslieMarshall @KenDilanianNBC STFU #IslamIsTheProblem
Tolerance is good, but it can go to far.  Like tolerating terrorism, polygamy, mutilation and slavery. #NoSharia  #IslamPromotesPeace
@SamanthaClarkH  NEVER EVER WOULD I ACCEPT THAT CRAP FOR MY CHILD. SOMEONE WOULD BE HURTING IF THEY DID.  #NOMUSLIMUSA #NOSHARIA
@Ayesha_aasshhii #IslamIsTheProblem, what a pathetic religion, so weak.. so pathetic... Your Pedo prophet is nothing
@TEN_GOP @SadiqKhan is aMember of #MuslimBrotherHood
@TheOtherRosie17 @ManMountain78 @TEN_GOP 
The process is complete. Candlelight vigil complete so we can go back to normal tomorrow. #TrafalgarSquare 
@GSDDogLover @tpel78 
@realDonaldTrump suppress Insurrections and repel Invasions; #NoRefugees
Hey Black people stop killing us!!! #WhiteLivesMatter
Outrageous @skynews #bias reporting on #mosul blaming #isil on all #civilian deaths whilst blaming #russia for #allepo slaughter #fakenews
Sharia Law and  Jihadi Extremists are the problem. #NoSharia #extremism
@TheMeemStreams muslims can't spell women's rights #Stopislam (by the way, @Twitter has pulled "stopislam" from it's hashtags
@kandy3342 @Ottagonia @RPCampbellII 
Yeah, muslims KILL DOGS ‚Ä¶ DON'T THEY‚Ä¶ There is NO #MuslimWomensDay! What a sham! #IslamIsTheProblem  üò° @_Makada_ @DorAnnCecil
@lucidtornado It's hard to believe people still don't understand the basic tenets of Islam. #Sharia #islamistheproblem
@TRobinsonNewEra Keep telling them Tommy. Hopefully they'll start to listen. You're a warrior! #StopIslam #PrayForLondon #WakeUpAmerica
London #LondonAttack Another minister of the religion peace inflicts #jihad on infidels #BanSHARIA #TravelBan #NoRefugees #AllahAkbar =DEATH
@Tmchakra1 What another SATANIC LIE. #NOMUSLIMUSA #NOSHARIA #BANALLMUSLIMS #ALLAHSUX
